Prerequisites	Storage Unit
Prerequisites	Wardrobe
Couches	Old couch
Couches	Threesits couch
Couches	Old chair
Couches	Old treesits couch
Couches	Old striped couch
Couches	Old 1 Seat Couch Yellow
Couches	corner sofa
Couches	corner sofa 2
Couches	couch 1
Couches	Couch 2
Couches	Couch 3
Couches	Couch 4
Couches	Couch 5
Couches	Couch 6
Couches	Couch 7
Couches	Couch 8
Couches	Couch 9
Couches	Couch 10
Couches	Couch 11
Couches	White Couch
Couches	Lether Couch Brown
Couches	pauper Couch rood
Couches	Black Couch
Couches	corner sofa 3
Couches	Couch hout
Couches	corner sofa 4
Couches	Brown Couch
Couches	White long Couch
Couches	Sofa cushions
Couches	Sofa yellow
Couches	Leather sofa cushions
Couches	Sofa corduroy
Couches	Leather sofa brown 2
Couches	Sofa cushions 2
Couches	Leather sofa brown 3
Couches	Leather sofa corner
Couches	Leather sofa straight
Couches	Leather sofa small
Couches	Love seat
Couches	Corner sofa 5
Couches	Corner sofa 6
Couches	Corner sofa 7
Couches	Corner sofa 8
Couches	Corner sofa 9
Couches	Sofa blue fabric
Couches	Sofa white leather
Couches	Sofa black leather
Couches	Sofa modern
Couches	Couch brown
Couches	Chaise lounge
Couches	Sofa modern 2
Couches	Sofa modern 3
Couches	Sofa bed
Couches	Sofa bed 2
Chairs	High chair
Chairs	Sitchair 4
Chairs	Chairl
Chairs	Chair 2
Chairs	High chair 2
Chairs	Kitchen chair 1
Chairs	Kitchen chair 2
Chairs	Kitchen chair 3
Chairs	Chair 3
Chairs	Chair 4
Chairs	High chair 3
Chairs	Arm Chair
Chairs	Kitchen chair 4
Chairs	Chair 5
Chairs	MB Chair
Chairs	Arm Chair 2
Chairs	Kitchen chair 5
Chairs	Study Chair
Chairs	Chair frame
Chairs	Chair 5
Chairs	officeChair
Chairs	Chair 6
Chairs	Lether Chair
Chairs	Chair Scuz
Chairs	DeskChair
Chairs	Easy Chair
Chairs	Whicker Chair
Chairs	Direct Chair
Chairs	Direct Chair 2
Chairs	Yacht Chair 1
Chairs	Yacht Chair 2
Chairs	Yacht Chair 3
Chairs	Yacht Chair 4
Chairs	White Chair
Chairs	Chair 7
Chairs	TA Chair
Chairs	Office Chair 2
Chairs	White fauteuil
Chairs	Chair 8
Chairs	Desk Chair 2
Chairs	Fauteuil roze
Chairs	Desk Chair 3
Chairs	Sit chair
Chairs	Barstool
Chairs	White pouffe
Chairs	Sitchair 3
Chairs	Feet support
Chairs	Wooden Chair
Chairs	Corduroy armchair
Chairs	White armchair 2
Chairs	Orange armchair
Chairs	Lounge chair
Chairs	Lounge chair 2
Chairs	Modern chair
Chairs	Modern chair 2
Chairs	Modern chair 3
Chairs	Modern chair 4
Chairs	Modern chair 5
Chairs	Modern chair 6
Chairs	Modern chair 7
Chairs	Modern chair 8
Chairs	Modern chair 9
Chairs	Modern chair 10
Chairs	Modern chair 11
Chairs	Modern chair 12
Chairs	Modern chair 13
Chairs	Modern chair 14
Chairs	Modern chair 15
Chairs	Modern chair 16
Chairs	Modern chair 17
Chairs	Pouffe
Chairs	Pouffe 2
Chairs	Barstool 2
Chairs	Barstool 3
Chairs	Office chair
Chairs	Office chair 2
Chairs	Office chair 3
Chairs	Gaming chair
Storage	Cabinet Large
Storage	Dressing Table
Storage	Side Unit
Storage	Side Unit
Storage	Side Unit
Storage	Bed Unit
Storage	Tv Unit
Storage	Dresser Unit
Storage	Bottoman Unit
Storage	Console Unit
Storage	Cupboard Unit
Storage	Chest Unit
Storage	Mason Unit
Storage	Armoire Unit
Storage	Side Unit
Storage	Desk Unit
Storage	Side Unit
Storage	Side Unit 2
Storage	Book Unit
Storage	Storage Unit
Storage	Wardrobe Unit
Storage	Wood Unit
Storage	Bean Bag 1
Storage	Mil Crate 1
Storage	Mil Crate 2
Storage	Safe
Storage	Crafting Bench
Storage	Filing cabinet Low
Storage	Filing cabinet High
Storage	Large modern cupboard
Storage	Cupboard franklin
Storage	Coat rack
Storage	Filing cabinetLow black
Storage	Filing cabinet High black
Storage	Filing cabinet black
Storage	Filing cabinet groot
Storage	Bookcase white
Storage	kledingkast
Storage	Cupboard  modern
Storage	Cupboard  modern 2
Storage	Bookcase 2
Storage	Cupboard  modern 3
Storage	car parts
Storage	car parts 2
Storage	car parts 3
Storage	chest of drawers
Storage	chest of drawers 2
Storage	rusted filing cabinet
Storage	tv little cupboard
Storage	tv little cupboard 2
Storage	tv little cupboard 3
Storage	ikea closet
Storage	cabinet modern 4
Storage	cabinet modern 5
Storage	cabinet modern 6
Storage	Biker Locker
Storage	Biker Bench
Electronics	Old Fridge
Electronics	Speaker
Electronics	Speaker Dock
Electronics	Bedside Clock
Electronics	Phone
Electronics	Tower Fan
Electronics	Fan
Electronics	Bigscreen
Electronics	Monitor
Electronics	Mixer
Electronics	CCTV
Electronics	Laptop
Electronics	Monitor
Electronics	mounted speaker
Electronics	kleine flatscreen
Electronics	Open laptop
Electronics	flatscreen hanging ing
Electronics	pc
Electronics	Keybord
Electronics	Computer mouse
Electronics	office phone
Electronics	Big flatscreen
Electronics	arcade
Electronics	gameconsole
Electronics	dvd Player
Electronics	wooden speaker
Electronics	cctv monitor
Electronics	flatscreen Standing
Electronics	cctv 2
Electronics	cctv monitor 2
Electronics	cctv 3
Electronics	flatscreen meubel
Electronics	flatscreen meubel 2
Electronics	dj set
Electronics	serverrack
Electronics	flat screen furniture 3
Electronics	flat screen furniture 4
Electronics	flat screen furniture 5
Electronics	flat screen furniture 6
Electronics	flat screen furniture 7
Electronics	printer
Electronics	old fashioned telephone
Electronics	mouse pad
Electronics	headset
Electronics	PC speaker
Electronics	small box
Electronics	box
Electronics	big box
Electronics	PC speaker
Electronics	PC subwoofer
Electronics	Controller
Electronics	Remote control
Electronics	Radio
Electronics	DJ table
Electronics	Speaker
Beds	Bed 1
Beds	Bed 2
Beds	MB Bed
Beds	MD Bed
Beds	Bed 3
Beds	Bed 4
Beds	T Bed
Beds	TT Bed
Beds	fancy bed
Beds	red bed
Beds	square bed
Beds	modern bed
Beds	california king
Beds	california king 2
Beds	camp bed
Beds	small bed
Beds	klein bed 2
Beds	Bed 5
Lighthing	Desk Corp Lamp
Lighthing	Desk Lamp
Lighthing	Lamp AA
Lighthing	Lamp 1
Lighthing	Floor Lamp
Lighthing	Lamp 2
Lighthing	Table Lamp
Lighthing	Table Lamp 2
Lighthing	Bed Lamp
Lighthing	Plant Tongue Lamp
Lighthing	Table Lamp 3
Lighthing	Lamp Stand
Lighthing	Lamp Stand 2
Lighthing	Table Lamp 4
Lighthing	Light Fan
Lighthing	Tall Lamp
Lighthing	Wall Light
Lighthing	GC Lamp
Lighthing	Flickering Light
Lighthing	Side Wall Light
Lighthing	Test Light
Lighthing	lantaarn
Lighthing	Cheap lamp
Lighthing	industrieel licht
Lighthing	industrieel licht2
Lighthing	hanging lamp
Lighthing	Big lamp
Lighthing	Smal lamp
Lighthing	Wall lamp
Lighthing	hanging lamp 2
Lighthing	kroonluchter 2
Lighthing	Wall lamp 2
Lighthing	Wall lamp 3
Lighthing	hanging lamp 3
Lighthing	wall lamp 4
Lighthing	blue lamp
Lighthing	commercial
Lighthing	commercial 2
Lighthing	ceiling light
Lighthing	ceiling light 2
Lighthing	commercial 3
Lighthing	ceiling light 3
Lighthing	ceiling light 4
Lighthing	floor lamp
Lighthing	floor lamp 2
Lighthing	floor lamp 3
Lighthing	floor lamp 4
Lighthing	ceiling light 5
Lighthing	floor lamp 5
Lighthing	floor lamp 6
Lighthing	floor lamp 7
Lighthing	floor lamp 8
Lighthing	floor lamp 9
Lighthing	floor lamp 10
Lighthing	floor lamp 11
Lighthing	night light
Lighthing	night light 2
Lighthing	night light 3
Lighthing	night light 4
Lighthing	night light 5
Lighthing	night light 6
Lighthing	night light 7
Lighthing	night light 8
Tables	Coffee Table 1
Tables	Round Table
Tables	Small Side Table
Tables	Table A
Tables	Table B
Tables	Table C
Tables	Dining Table
Tables	Coffee Table 2
Tables	Low Table
Tables	Bed Table
Tables	Desk
Tables	Side Table
Tables	Console Table
Tables	Dining Table 2
Tables	Console H Table
Tables	Stool?
Tables	Sideboard Table
Tables	Table 2
Tables	Tv Table
Tables	Tv Table Tall
Tables	Med Coffee Table
Tables	Med Desk
Tables	Yacht Table 1
Tables	Yacht Table 2
Tables	Yacht Table 3
Tables	CSR Table
Tables	high side table
Tables	Office tabel
Tables	Side table  marillaux
Tables	koffie table Brown
Tables	Side table Brown
Tables	ronde Side table
Tables	ronde Side table 2
Tables	Coverd Table
Tables	koffieTable glas
Tables	clapTable
Tables	Stand Table
Tables	Side table glas
Tables	koffieTable modern
Tables	dinner Table glas
Tables	desk + setup
Tables	triangular side table
Tables	white side table
Tables	glass side table
Tables	glass side table 2
Tables	folding table
Tables	table marble
Tables	table marble high
Tables	glass side table
Tables	lab table
Bathroom	Toilet 1
Bathroom	Toilet 2
Bathroom	Toilet 3
Bathroom	Sink 1
Bathroom	Sink 2
Bathroom	Sink 3
Bathroom	Sink 4
Bathroom	Soap Dispenser
Bathroom	Shower Rack
Bathroom	Hand Dryer 1
Bathroom	Hand Dryer 2
Bathroom	Towel Rail 1
Bathroom	Towel Rail 2
Bathroom	Towel 1
Bathroom	Towel 2
Bathroom	Towel 3
Bathroom	Bath
Bathroom	Sink
Bathroom	tap
Bathroom	Washing mand
Bathroom	Tray Soap
Bathroom	Sink
Bathroom	Bath
Bathroom	Brush
Bathroom	Toilet rol
Bathroom	Toilet rol 2
Bathroom	Shampoo
Bathroom	Shampoo 2
Wall Decorations	Painting whit marks
Wall Decorations	Tools
Wall Decorations	3d art
Wall Decorations	Paintingen Ground
Wall Decorations	abstract Painting
Wall Decorations	abstract Painting 2
Wall Decorations	abstract Painting Big
Wall Decorations	abstract Painting 3
Wall Decorations	abstract Painting 4
Wall Decorations	abstract Painting 5
Wall Decorations	Paintingen
Wall Decorations	abstract Painting 6
Wall Decorations	abstract Painting 7
Wall Decorations	abstract Painting 8
Wall Decorations	Dartboard
Wall Decorations	Dartboard 2
Wall Decorations	wall deco 1
Wall Decorations	wall deco 2
Wall Decorations	wall deco 3
Wall Decorations	wall deco 4
Wall Decorations	wall deco 5
Wall Decorations	Luxury deco
Kitchen	Washer 1
Kitchen	Washer 2
Kitchen	Washer 3
Kitchen	Washing Basket
Kitchen	Fridge 1
Kitchen	Fridge 2
Kitchen	Fridge 3
Kitchen	Fridge 4
Kitchen	Cooker
Kitchen	Microwave 1
Kitchen	Microwave 2
Kitchen	Wok
Kitchen	Cake Plate
Kitchen	Chopping Board
Kitchen	Utensils
Kitchen	Pestle
Kitchen	PaperRoll 1
Kitchen	PaperRoll 2
Kitchen	Pot 1
Kitchen	Pot 2
Kitchen	Pot 3
Kitchen	Pot 4
Kitchen	Pot 5
Kitchen	Pot 6
Kitchen	Pot 7
Kitchen	Pot Rack
Kitchen	Juicer
Kitchen	Stove
Kitchen	Knive
Kitchen	Cutting plank
Kitchen	Kitchen Cupboard Wide
Kitchen	Kitchen cupboard smal
Kitchen	Kitchen cupboard smal
Kitchen	refrigerator
Kitchen	coffee machine
Kitchen	Counter
Kitchen	Pump 1
Kitchen	Pump 2
Kitchen	Chips fryer
Kitchen	Knife
Kitchen	coffee machine
Kitchen	coffee machine 2
Kitchen	Fork
Kitchen	Sink filler
Kitchen	Toaster
Kitchen	Plate
Kitchen	Food Process
Kitchen	Sugar Bowl
Kitchen	Dispencer
Kitchen	Knife holder
Kitchen	Knife 2
Kitchen	Microwave 4
Kitchen	Plate 5
Kitchen	Plate 6
Kitchen	Grater
Kitchen	Pizza Plate
Kitchen	Ketchup
Plants	Plant Fib
Plants	Plant Bomb
Plants	Plant Flowers
Plants	Plant Chinese
Plants	Plant Banana
Plants	Plant Palm
Plants	Plant Palm 2
Plants	Plant Urn
Plants	Plant Rubber
Plants	Plant
Plants	Plant Tree
Plants	Planter
Plants	Flowers
Plants	Flowers 1
Plants	Flowers 2
Plants	FlowerFase
Plants	Pink Fase 2
Plants	FlowerFase 2
Plants	Pink Fase
Plants	Hanging ende plant
Plants	Flower pot
Plants	palm plant
Plants	flower box
Plants	plant
Plants	plant 2
Plants	plant 3
Plants	plant 4
Plants	plant 5
Plants	plant 6
Plants	plant 7
Plants	plant 8
Plants	plant 9
Plants	flower box 2
Plants	plant pot 2
Plants	plant pot 3
Plants	plant pot 4
Plants	plant pot 5
Plants	plant pot 6
Plants	plant pot 7
Plants	plant pot 8
Plants	plant pot 9
Plants	plant pot 10
Plants	plant pot 11
Plants	plant pot 12
Plants	plant pot 13
Plants	plant pot 14
Plants	plant pot 15
Detailing	Fig Cat
Detailing	Fig Clown
Detailing	Fig Auth
Detailing	Fig Female
Detailing	Fig Flamenco
Detailing	Fig Girl
Detailing	Fig Girl Clown
Detailing	Fig Oblisk
Detailing	Fig Pillar
Detailing	Teapot
Detailing	Sculpture 1
Detailing	Sculpture 2
Detailing	Sculpture 3
Detailing	Sculpture 4
Detailing	Skateboard
Detailing	Sketchpad
Detailing	Tissues
Detailing	Basket
Detailing	Bin
Detailing	Cushion 1
Detailing	Cushion 2
Detailing	Cushion 3
Detailing	Cushion 4
Detailing	Cushion 5
Detailing	Cushion 6
Detailing	Fruitbowl
Detailing	Sideboard
Detailing	Idol 1
Detailing	Figurine black horse
Detailing	Figurine big horse
Detailing	Figurine dancer
Detailing	olifanten Figurine
Detailing	Sculpture
Detailing	Figurine adelaar
Detailing	Fase round
Detailing	Fase Violet
Detailing	Art work
Detailing	Art work 2
Detailing	Art work 3
Detailing	schaal
Detailing	Scale 2
Detailing	vase black and white
Detailing	vase red
Detailing	vase
Detailing	vase black and white 2
Doors	White Door
Doors	24/7 Wooden Door
Doors	Security Door
Doors	Bank Glass Door
Doors	Fancy Metal Gate
Doors	Bank Office Door
Doors	Wooden Door with Glass
Doors	Light Blue Door
Doors	Black House Door
Doors	Orange Solid Door
Doors	Dirty Glass Door
Doors	Gang Safe Door
Doors	Office Door
Doors	White Mesh Door
Doors	Yellow Fire Door
Doors	Solid Red Door
Doors	Solid Wooden Door
Doors	Glass Door with Rails
Doors	Door with Danger Sign
Doors	Trailer Door
Doors	Fridge Door
Doors	White Art Gallery Door
Doors	Weazel Plaza Door
Doors	Black Glass Door
Doors	Casino Glass Door
Doors	White Door with Small Window
Doors	Antique Wooden Door
Doors	Golden Snake Door
Doors	Motel Door
Doors	Chainlink Fence
Walls	Aqua Wall
Walls	Black Wall
Walls	Green Wall
Walls	Grey Wall
Walls	Purple Wall
Walls	Red Wall
Walls	White Wall
Walls	Yellow Wall
Walls	Brick Wall
Misc	Bean Bag 1
Misc	White Vase
Misc	Padded Wall
Misc	Item
Misc	Whips
Misc	Mags
Misc	Mags Open
Misc	Mag Tidy
Misc	Yoga Mat 1
Misc	Yoga Mat 2
Misc	Aftershave
Misc	Flowers
Misc	Fruitbowl
Misc	Laundry Basket
Misc	Pouf
Misc	Sculpture
Misc	Mag Rack
Misc	Jewel Box
Misc	Bin
Misc	Ornate Bowl
Misc	Bronze Vase
Misc	Chalk Board
Misc	Dresser
Misc	Linth
Misc	Ashtray
Misc	Candle
Misc	Candle Large
Misc	Scales
Misc	Bed Pillow
Misc	whiteboard
Misc	asbak black
Misc	asbak stone
Misc	Rag
Misc	Rug 2
Misc	Rug 3
Misc	Rug 4
Misc	Rug 5
Misc	Rug 6
Misc	kledingrek
Misc	A4 Pile
Misc	40 oz
Misc	Beer
Misc	Aviators
Misc	Detail
Misc	Beers
Misc	Binoculars
Misc	Blox Spray
Misc	Bongos
Misc	Bong
Misc	Boombox
Misc	Bowl Crisps
Misc	Candy
Misc	Carrier bag
Misc	Ceramic Jug
Misc	Cigar Pack 1
Misc	Cigar Pack 2
Misc	Beer Box 2
Misc	Binder
Misc	Cup
Misc	Envelope
Misc	Flute
Misc	Duffel Bag
Misc	DVD
Misc	DVD Case
Misc	Film Reel
Misc	Blind
Misc	Bag
Misc	Ironing Board
Misc	Katana
Misc	Kettle
Misc	Crate
Misc	Petrol Can
Misc	Sack
Misc	Script Bottle
Misc	Script Bottle 2
Misc	Bin Bag
Misc	Whiskey Bottle
Misc	Bong
Misc	Peanuts
Misc	Tumbler
Misc	Weed koker
Misc	Lighter
Misc	Rolling papers
Misc	dildo Black
Misc	dildo white
Misc	Mommy's toy
Misc	Champagne cooler
Misc	champagnebottle
Misc	champagneglas
Misc	champagneset
Misc	candle blue
Misc	candle red
Misc	candle black
Misc	candle small
Misc	Chemicals
Misc	Office stuf
Misc	Note's
Misc	mountain of weed
Misc	fist trofee
Misc	ster trofee
Misc	Golf bag
Misc	Garbage can
Misc	wooden vat
Misc	scatter
Misc	Cash
Misc	Cash roll
Misc	pile of cash
Misc	Weed open bag
Misc	Weed bag 2
Misc	Weed bag 3
Misc	scales
Misc	small bag
Misc	Gold Bar
Misc	beer bottles
Misc	beer bottles 2
Misc	Bat
Misc	handcuffs
Misc	Joint
Misc	Coffee mug
Misc	Tumbler
Misc	chicken leg
Misc	Donut
Misc	Donut 2
Misc	Bar shots
Misc	Bar stirrers
Misc	Beer open
Misc	Beer 1
Misc	Beer 2
Misc	Beer 3
Misc	Biker Set
Misc	Bottle brandy
Misc	Tequila bottle
Misc	Tequila
Misc	Bottle of Cognac
Misc	Bottle of Macbeth
Misc	Brandy Glass
Misc	Mug 1
Misc	Mug 2
Misc	Mug 3
Misc	Vodka
Misc	JD
Misc	Pint Glass
Misc	Pizza box
Misc	Sandwich
Misc	Cava
Misc	Red wine
Misc	Vodka Row
Misc	Cherenkov
Misc	Cherenkov 2
Misc	Cocktail glass
Misc	Fles opener
Misc	Chips
Misc	Burger
Misc	Hand radio
Misc	Hotdog
Misc	Milk
Misc	Panties
Misc	Meat
Misc	CSR Bin
Misc	Basket
Misc	GC Bag 1
Misc	GC Bag 2
Misc	GC Bin
Misc	Cash Register
Misc	GC Chair 01
Misc	GC Chair 02
Misc	Clock
Misc	Prod 1
Misc	Prod 2
Misc	Prod 3
Misc	Prod 4
Misc	Prod 5
Misc	Prod 6
Misc	HD Unit 1
Misc	HD Unit 2
Misc	Fridge
Misc	Bag 1
Misc	Bag 2
Misc	Book 1
Misc	Book 2
Misc	Book 3
Misc	Book 4
Misc	Cam
Misc	First Aid
Misc	Hero
Misc	Mag 1
Misc	Mag 2
Misc	Skull
Misc	Guitar
Misc	Handbag
Misc	Case
Misc	Big Bag
Misc	Bonesaw
Misc	Fertilizer
Misc	Shopping Bag
Misc	Vial
Misc	Ragdoll
Misc	boek kamasutra
Misc	dumbbellrek
Misc	Couchdrukset
Misc	Broom
Misc	Fire extinguisher
Misc	vacuum cleaner
Misc	Fan
Misc	ladder
Misc	Fertilizer
Misc	terrarium
Misc	poolTable
Misc	poolcues
Misc	dj set
Misc	serverrack
Misc	Dummy
Misc	Egg Clock
Misc	E Guitar 1
Misc	E Guitar 2
Misc	E Guitar 2
Misc	Feed Sack
Misc	Floor Duster
Misc	Fruit Basket
Misc	Duster
Misc	Grapes
Misc	Hotel Clock
Misc	Idol Case
Misc	Jewels
Misc	Jewels
Misc	Jewels
Misc	Jewels
Misc	Jewels
Misc	Jewels
Misc	Jewels
Misc	Display Tray
Misc	Display Tray
Misc	Display Tray
Misc	Display Tray
Misc	Display Tray
Misc	Display Tray
Misc	Display Tray
Misc	Display Tray
Misc	Green Screen
Misc	Handbag
Misc	Jerry Can
Misc	Keypad 1
Misc	Keypad 2
Misc	Suitcase 1
Misc	Suitcase 2
Misc	Suitcase 3
Misc	Rasberry Clean
Misc	Paper Bag
Misc	Shopping Bags
Misc	Shopping Bags 2
Misc	Yoga Mat 1
Misc	Yoga Mat 2
Misc	Yoga Mat 3
Misc	Sax
Misc	SOCCER Ball
Misc	Watch 1
Misc	Watch 2
Misc	Watch 3
Misc	Watch 4
Misc	Watch 5
Misc	Watch 6
Misc	candle
Misc	candle 2
Misc	candle 3
Misc	candle 4
Misc	fruit bowl
Misc	thingies
Misc	Basketball
Misc	Wrench
Misc	Bowie Knife
Misc	Hatchet