category,object,label_en,label_ja
Prerequisites,v_res_tre_storagebox,Storage Unit,
Prerequisites,v_res_tre_wardrobe,Wardrobe,
Couches,miss_rub_couch_01,Old couch,
Couches,prop_fib_3b_bench,Threesits couch,
Couches,prop_ld_farm_chair01,Old chair,
Couches,prop_ld_farm_couch01,Old treesits couch,
Couches,prop_ld_farm_couch02,Old striped couch,
Couches,v_res_d_armchair,Old 1 Seat Couch Yellow,
Couches,v_res_fh_sofa,corner sofa,
Couches,v_res_mp_sofa,corner sofa 2,
Couches,v_res_d_sofa,couch 1,
Couches,v_res_j_sofa,Couch 2,
Couches,v_res_mp_stripchair,Couch 3,
Couches,v_res_m_h_sofa_sml,Couch 4,
Couches,v_res_r_sofa,Couch 5,
Couches,v_res_tre_sofa,Couch 6,
Couches,v_res_tre_sofa_mess_a,Couch 7,
Couches,v_res_tre_sofa_mess_b,Couch 8,
Couches,v_res_tre_sofa_mess_c,Couch 9,
Couches,v_res_tt_sofa,Couch 10,
Couches,prop_rub_couch02,Couch 11,
Couches,v_ilev_m_sofa,White Couch,
Couches,v_med_p_sofa,Lether Couch Brown,
Couches,v_club_officesofa,pauper Couch rood,
Couches,bkr_prop_clubhouse_sofa_01a,Black Couch,
Couches,apa_mp_h_stn_sofacorn_01,corner sofa 3,
Couches,prop_couch_lg_02,Couch hout,
Couches,apa_mp_h_stn_sofacorn_10,corner sofa 4,
Couches,apa_mp_h_yacht_sofa_02,Brown Couch,
Couches,apa_mp_h_yacht_sofa_01,White long Couch,
Couches,prop_couch_01,Sofa cushions,
Couches,prop_couch_03,Sofa yellow,
Couches,prop_couch_04,Leather sofa cushions,
Couches,prop_couch_lg_05,Sofa corduroy,
Couches,prop_couch_lg_06,Leather sofa brown 2,
Couches,prop_couch_lg_07,Sofa cushions 2,
Couches,prop_couch_lg_08,Leather sofa brown 3,
Couches,prop_couch_sm1_07,Leather sofa corner,
Couches,prop_couch_sm2_07,Leather sofa straight,
Couches,prop_couch_sm_06,Leather sofa small,
Couches,apa_mp_h_stn_sofa2seat_02,Love seat,
Couches,apa_mp_h_stn_sofacorn_05,Corner sofa 5,
Couches,apa_mp_h_stn_sofacorn_06,Corner sofa 6,
Couches,apa_mp_h_stn_sofacorn_07,Corner sofa 7,
Couches,apa_mp_h_stn_sofacorn_08,Corner sofa 8,
Couches,apa_mp_h_stn_sofacorn_09,Corner sofa 9,
Couches,ex_mp_h_off_sofa_003,Sofa blue fabric,
Couches,ex_mp_h_off_sofa_01,Sofa white leather,
Couches,ex_mp_h_off_sofa_02,Sofa black leather,
Couches,hei_heist_stn_sofa2seat_03,Sofa modern,
Couches,hei_heist_stn_sofa2seat_06,Couch brown,
Couches,hei_heist_stn_sofa3seat_01,Chaise lounge,
Couches,hei_heist_stn_sofa3seat_02,Sofa modern 2,
Couches,hei_heist_stn_sofa3seat_06,Sofa modern 3,
Couches,imp_prop_impexp_sofabed_01a,Sofa bed,
Couches,prop_t_sofa_02,Sofa bed 2,
Chairs,v_res_d_highchair,High chair,
Chairs,apa_mp_h_stn_chairstrip_03,Sitchair 4,
Chairs,v_res_fa_chair01,Chairl,
Chairs,v_res_fa_chair02,Chair 2,
Chairs,v_res_fh_barcchair,High chair 2,
Chairs,v_res_fh_dineeamesa,Kitchen chair 1,
Chairs,v_res_fh_dineeamesb,Kitchen chair 2,
Chairs,v_res_fh_dineeamesc,Kitchen chair 3,
Chairs,v_res_fh_easychair,Chair 3,
Chairs,v_res_fh_kitnstool,Chair 4,
Chairs,v_res_fh_singleseat,High chair 3,
Chairs,v_res_jarmchair,Arm Chair,
Chairs,v_res_j_dinechair,Kitchen chair 4,
Chairs,v_res_j_stool,Chair 5,
Chairs,v_res_mbchair,MB Chair,
Chairs,v_res_m_armchair,Arm Chair 2,
Chairs,v_res_m_dinechair,Kitchen chair 5,
Chairs,v_res_study_chair,Study Chair,
Chairs,v_res_trev_framechair,Chair frame,
Chairs,v_res_tre_chair,Chair 5,
Chairs,v_res_tre_officechair,officeChair,
Chairs,v_res_tre_stool,Chair 6,
Chairs,v_res_tre_stool_leather,Lether Chair,
Chairs,v_res_tre_stool_scuz,Chair Scuz,
Chairs,v_med_p_deskchair,DeskChair,
Chairs,v_med_p_easychair,Easy Chair,
Chairs,v_med_whickerchair1,Whicker Chair,
Chairs,prop_direct_chair_01,Direct Chair,
Chairs,prop_direct_chair_02,Direct Chair 2,
Chairs,prop_yacht_lounger,Yacht Chair 1,
Chairs,prop_yacht_seat_01,Yacht Chair 2,
Chairs,prop_yacht_seat_02,Yacht Chair 3,
Chairs,prop_yacht_seat_03,Yacht Chair 4,
Chairs,v_ret_chair_white,White Chair,
Chairs,v_ret_chair,Chair 7,
Chairs,v_ret_ta_stool,TA Chair,
Chairs,prop_cs_office_chair,Office Chair 2,
Chairs,apa_mp_h_yacht_armchair_01,White fauteuil,
Chairs,v_club_barchair,Chair 8,
Chairs,prop_off_chair_04,Desk Chair 2,
Chairs,v_club_stagechair,Fauteuil roze,
Chairs,v_club_officechair,Desk Chair 3,
Chairs,prop_armchair_01,Sit chair,
Chairs,prop_bar_stool_01,Barstool,
Chairs,apa_mp_h_yacht_stool_01,White pouffe,
Chairs,apa_mp_h_stn_chairarm_12,Sitchair 3,
Chairs,apa_mp_h_stn_chairstool_12,Feet support,
Chairs,prop_chair_03,Wooden Chair,
Chairs,prop_couch_sm_05,Corduroy armchair,
Chairs,prop_couch_sm_07,White armchair 2,
Chairs,prop_couch_sm_02,Orange armchair,
Chairs,apa_mp_h_stn_sofa_daybed_01,Lounge chair,
Chairs,apa_mp_h_stn_sofa_daybed_02,Lounge chair 2,
Chairs,apa_mp_h_din_chair_04,Modern chair,
Chairs,apa_mp_h_din_chair_08,Modern chair 2,
Chairs,apa_mp_h_din_chair_09,Modern chair 3,
Chairs,apa_mp_h_din_chair_12,Modern chair 4,
Chairs,apa_mp_h_din_stool_04,Modern chair 5,
Chairs,apa_mp_h_stn_chairarm_01,Modern chair 6,
Chairs,apa_mp_h_stn_chairarm_02,Modern chair 7,
Chairs,apa_mp_h_stn_chairarm_03,Modern chair 8,
Chairs,apa_mp_h_stn_chairarm_09,Modern chair 9,
Chairs,apa_mp_h_stn_chairarm_11,Modern chair 10,
Chairs,apa_mp_h_stn_chairarm_13,Modern chair 11,
Chairs,apa_mp_h_stn_chairarm_24,Modern chair 12,
Chairs,apa_mp_h_stn_chairarm_25,Modern chair 13,
Chairs,apa_mp_h_stn_chairarm_26,Modern chair 14,
Chairs,apa_mp_h_stn_chairstrip_04,Modern chair 15,
Chairs,apa_mp_h_stn_chairstrip_05,Modern chair 16,
Chairs,apa_mp_h_stn_chairstrip_08,Modern chair 17,
Chairs,apa_mp_h_stn_foot_stool_01,Pouffe,
Chairs,apa_mp_h_stn_foot_stool_02,Pouffe 2,
Chairs,apa_mp_h_yacht_barstool_01,Barstool 2,
Chairs,ba_prop_int_glam_stool,Barstool 3,
Chairs,ba_prop_battle_club_chair_01,Office chair,
Chairs,ba_prop_battle_club_chair_02,Office chair 2,
Chairs,ba_prop_battle_club_chair_03,Office chair 3,
Chairs,ba_prop_battle_control_seat,Gaming chair,
Storage,v_res_cabinet,Cabinet Large,
Storage,v_res_d_dressingtable,Dressing Table,
Storage,v_res_d_sideunit,Side Unit,
Storage,v_res_fh_sidebrddine,Side Unit,
Storage,v_res_fh_sidebrdlngb,Side Unit,
Storage,v_res_mbbedtable,Bed Unit,
Storage,v_res_j_tvstand,Tv Unit,
Storage,v_res_mbdresser,Dresser Unit,
Storage,v_res_mbottoman,Bottoman Unit,
Storage,v_res_mconsolemod,Console Unit,
Storage,v_res_mcupboard,Cupboard Unit,
Storage,v_res_mdchest,Chest Unit,
Storage,v_res_msoncabinet,Mason Unit,
Storage,v_res_m_armoire,Armoire Unit,
Storage,v_res_m_sidetable,Side Unit,
Storage,v_res_son_desk,Desk Unit,
Storage,v_res_tre_bedsidetable,Side Unit,
Storage,v_res_tre_bedsidetableb,Side Unit 2,
Storage,v_res_tre_smallbookshelf,Book Unit,
Storage,v_res_tre_storageunit,Storage Unit,
Storage,v_res_tre_wardrobe,Wardrobe Unit,
Storage,v_res_tre_wdunitscuz,Wood Unit,
Storage,prop_devin_box_closed,Bean Bag 1,
Storage,prop_mil_crate_01,Mil Crate 1,
Storage,prop_mil_crate_02,Mil Crate 2,
Storage,prop_ld_int_safe_01,Safe,
Storage,prop_toolchest_05,Crafting Bench,
Storage,v_corp_filecablow,Filing cabinet Low,
Storage,v_corp_filecabtall,Filing cabinet High,
Storage,apa_mp_h_str_shelffloorm_02,Large modern cupboard,
Storage,v_ilev_frnkwarddr1,Cupboard franklin,
Storage,prop_coathook_01,Coat rack,
Storage,v_corp_lowcabdark01,Filing cabinetLow black,
Storage,v_corp_tallcabdark01,Filing cabinet High black,
Storage,v_corp_cabshelves01,Filing cabinet black,
Storage,v_corp_offshelf,Filing cabinet groot,
Storage,v_61_lng_mesh_unitc,Bookcase white,
Storage,ba_wardrobe,kledingkast,
Storage,apa_mp_h_str_sideboardl_06,Cupboard  modern,
Storage,apa_mp_h_str_sideboardl_09,Cupboard  modern 2,
Storage,apa_mp_h_str_shelfwallm_01,Bookcase 2,
Storage,apa_mp_h_str_sideboardl_11,Cupboard  modern 3,
Storage,imp_prop_impexp_parts_rack_03a,car parts,
Storage,imp_prop_impexp_parts_rack_04a,car parts 2,
Storage,imp_prop_impexp_parts_rack_05a,car parts 3,
Storage,apa_mp_h_bed_chestdrawer_02,chest of drawers,
Storage,hei_heist_bed_chestdrawer_04,chest of drawers 2,
Storage,prop_rub_cabinet,rusted filing cabinet,
Storage,prop_tv_cabinet_03,tv little cupboard,
Storage,prop_tv_cabinet_04,tv little cupboard 2,
Storage,prop_tv_cabinet_05,tv little cupboard 3,
Storage,apa_mp_h_str_shelffreel_01,ikea closet,
Storage,apa_mp_h_str_sideboardl_13,cabinet modern 4,
Storage,apa_mp_h_str_sideboardl_14,cabinet modern 5,
Storage,apa_mp_h_str_sideboardm_02,cabinet modern 6,
Storage,bkr_prop_biker_garage_locker_01,Biker Locker,
Storage,gr_prop_gr_bench_04b,Biker Bench,
Electronics,prop_trailr_fridge,Old Fridge,
Electronics,v_res_fh_speaker,Speaker,
Electronics,v_res_fh_speakerdock,Speaker Dock,
Electronics,v_res_fh_bedsideclock,Bedside Clock,
Electronics,v_res_fa_phone,Phone,
Electronics,v_res_fh_towerfan,Tower Fan,
Electronics,v_res_fa_fan,Fan,
Electronics,v_res_lest_bigscreen,Bigscreen,
Electronics,v_res_lest_monitor,Monitor,
Electronics,v_res_tre_mixer,Mixer,
Electronics,prop_cs_cctv,CCTV,
Electronics,prop_ld_lap_top,Laptop,
Electronics,prop_ld_monitor_01,Monitor,
Electronics,prop_speaker_05,mounted speaker,
Electronics,prop_tv_flat_03b,kleine flatscreen,
Electronics,prop_laptop_01a,Open laptop,
Electronics,prop_tv_flat_michael,flatscreen hanging ing,
Electronics,prop_dyn_pc,pc,
Electronics,prop_keyboard_01b,Keybord,
Electronics,prop_mouse_01b,Computer mouse,
Electronics,v_ret_gc_phone,office phone,
Electronics,prop_tv_flat_01,Big flatscreen,
Electronics,prop_arcade_01,arcade,
Electronics,prop_console_01,gameconsole,
Electronics,v_res_tre_dvdplayer,dvd Player,
Electronics,prop_speaker_08,wooden speaker,
Electronics,prop_cctv_mon_02,cctv monitor,
Electronics,prop_tv_flat_02,flatscreen Standing,
Electronics,prop_cctv_cam_01a,cctv 2,
Electronics,prop_dest_cctv_02,cctv monitor 2,
Electronics,prop_cctv_cam_07a,cctv 3,
Electronics,apa_mp_h_str_avunits_04,flatscreen meubel,
Electronics,apa_mp_h_str_avunits_01,flatscreen meubel 2,
Electronics,v_club_vu_deckcase,dj set,
Electronics,v_corp_servercln,serverrack,
Electronics,apa_mp_h_str_avunitl_01_b,flat screen furniture 3,
Electronics,apa_mp_h_str_avunitl_04,flat screen furniture 4,
Electronics,apa_mp_h_str_avunitm_01,flat screen furniture 5,
Electronics,apa_mp_h_str_avunitm_03,flat screen furniture 6,
Electronics,apa_mp_h_str_avunits_04,flat screen furniture 7,
Electronics,v_res_printer,printer,
Electronics,apa_mp_h_acc_phone_01,old fashioned telephone,
Electronics,v_res_mousemat,mouse pad,
Electronics,v_res_pcheadset,headset,
Electronics,v_res_pcspeaker,PC speaker,
Electronics,ba_prop_battle_club_speaker_small,small box,
Electronics,ba_prop_battle_club_speaker_med,box,
Electronics,ba_prop_battle_club_speaker_large,big box,
Electronics,v_res_pcspeaker,PC speaker,
Electronics,v_res_pcwoofer,PC subwoofer,
Electronics,prop_controller_01,Controller,
Electronics,prop_cs_remote_01,Remote control,
Electronics,prop_portable_hifi_01,Radio,
Electronics,prop_dj_deck_02,DJ table,
Electronics,prop_speaker_01,Speaker,
Beds,v_res_d_bed,Bed 1,
Beds,v_res_lestersbed,Bed 2,
Beds,v_res_mbbed,MB Bed,
Beds,v_res_mdbed,MD Bed,
Beds,v_res_msonbed,Bed 3,
Beds,v_res_tre_bed1,Bed 4,
Beds,v_res_tre_bed2,T Bed,
Beds,v_res_tt_bed,TT Bed,
Beds,apa_mp_h_bed_with_table_02,fancy bed,
Beds,apa_mp_h_bed_wide_05,red bed,
Beds,apa_mp_h_bed_double_08,square bed,
Beds,apa_mp_h_bed_double_09,modern bed,
Beds,apa_mp_h_yacht_bed_01,california king,
Beds,apa_mp_h_yacht_bed_02,california king 2,
Beds,bkr_prop_biker_campbed_01,camp bed,
Beds,ex_prop_exec_bed_01,small bed,
Beds,gr_prop_bunker_bed_01,klein bed 2,
Beds,p_mbbed_s,Bed 5,
Lighthing,v_corp_cd_desklamp,Desk Corp Lamp,
Lighthing,v_res_desklamp,Desk Lamp,
Lighthing,v_res_d_lampa,Lamp AA,
Lighthing,v_res_fa_lamp1on,Lamp 1,
Lighthing,v_res_fh_floorlamp,Floor Lamp,
Lighthing,v_res_fh_lampa_on,Lamp 2,
Lighthing,v_res_j_tablelamp1,Table Lamp,
Lighthing,v_res_j_tablelamp2,Table Lamp 2,
Lighthing,v_res_mdbedlamp,Bed Lamp,
Lighthing,v_res_mplanttongue,Plant Tongue Lamp,
Lighthing,v_res_mtblelampmod,Table Lamp 3,
Lighthing,v_res_m_lampstand,Lamp Stand,
Lighthing,v_res_m_lampstand2,Lamp Stand 2,
Lighthing,v_res_m_lamptbl,Table Lamp 4,
Lighthing,v_res_tre_lightfan,Light Fan,
Lighthing,v_res_tre_talllamp,Tall Lamp,
Lighthing,v_ret_fh_walllighton,Wall Light,
Lighthing,v_ret_gc_lamp,GC Lamp,
Lighthing,prop_dummy_light,Flickering Light,
Lighthing,prop_ld_cont_light_01,Side Wall Light,
Lighthing,V_44_D_emis,Test Light,
Lighthing,prop_wall_light_07a,lantaarn,
Lighthing,prop_wall_light_01a,Cheap lamp,
Lighthing,v_serv_tu_light2_,industrieel licht,
Lighthing,v_serv_tu_light3_,industrieel licht2,
Lighthing,ba_prop_battle_lights_ceiling_l_a,hanging lamp,
Lighthing,v_med_p_floorlamp,Big lamp,
Lighthing,v_club_vu_lamp,Smal lamp,
Lighthing,ba_prop_battle_lights_wall_l_a,Wall lamp,
Lighthing,ba_prop_battle_lights_ceiling_l_c,hanging lamp 2,
Lighthing,ba_prop_battle_lights_ceiling_l_b,kroonluchter 2,
Lighthing,ba_prop_battle_lights_wall_l_c,Wall lamp 2,
Lighthing,ba_prop_battle_lights_wall_l_b,Wall lamp 3,
Lighthing,hei_heist_lit_lightpendant_02,hanging lamp 3,
Lighthing,prop_oldlight_01b,wall lamp 4,
Lighthing,apa_mp_h_lit_floorlampnight_07,blue lamp,
Lighthing,apa_mp_h_ceiling_light_01,commercial,
Lighthing,apa_mp_h_ceiling_light_01_day,commercial 2,
Lighthing,apa_mp_h_ceiling_light_02,ceiling light,
Lighthing,apa_mp_h_ceiling_light_02_day,ceiling light 2,
Lighthing,ba_prop_battle_lights_ceiling_l_d,commercial 3,
Lighthing,ba_prop_battle_lights_ceiling_l_f,ceiling light 3,
Lighthing,ba_prop_battle_lights_ceiling_l_e,ceiling light 4,
Lighthing,apa_mp_h_floorlamp_a,floor lamp,
Lighthing,apa_mp_h_floorlamp_b,floor lamp 2,
Lighthing,apa_mp_h_floorlamp_c,floor lamp 3,
Lighthing,apa_mp_h_floor_lamp_int_08,floor lamp 4,
Lighthing,apa_mp_h_lampbulb_multiple_a,ceiling light 5,
Lighthing,apa_mp_h_lit_floorlamp_02,floor lamp 5,
Lighthing,apa_mp_h_lit_floorlampnight_14,floor lamp 6,
Lighthing,apa_mp_h_lit_floorlamp_03,floor lamp 7,
Lighthing,apa_mp_h_lit_floorlamp_06,floor lamp 8,
Lighthing,apa_mp_h_lit_floorlamp_10,floor lamp 9,
Lighthing,apa_mp_h_lit_floorlamp_13,floor lamp 10,
Lighthing,apa_mp_h_lit_floorlamp_17,floor lamp 11,
Lighthing,apa_mp_h_lit_lamptablenight_16,night light,
Lighthing,apa_mp_h_lit_lamptablenight_24,night light 2,
Lighthing,apa_mp_h_lit_lamptable_005,night light 3,
Lighthing,apa_mp_h_lit_lamptable_04,night light 4,
Lighthing,apa_mp_h_lit_lamptable_09,night light 5,
Lighthing,apa_mp_h_lit_lamptable_14,night light 6,
Lighthing,apa_mp_h_lit_lamptable_17,night light 7,
Lighthing,apa_mp_h_yacht_table_lamp_01,night light 8,
Tables,v_res_d_coffeetable,Coffee Table 1,
Tables,v_res_d_roundtable,Round Table,
Tables,v_res_d_smallsidetable,Small Side Table,
Tables,v_res_fh_coftablea,Table A,
Tables,v_res_fh_coftableb,Table B,
Tables,v_res_fh_coftbldisp,Table C,
Tables,v_res_fh_diningtable,Dining Table,
Tables,v_res_j_coffeetable,Coffee Table 2,
Tables,v_res_j_lowtable,Low Table,
Tables,v_res_mdbedtable,Bed Table,
Tables,v_res_mddesk,Desk,
Tables,v_res_msidetblemod,Side Table,
Tables,v_res_m_console,Console Table,
Tables,v_res_m_dinetble_replace,Dining Table 2,
Tables,v_res_m_h_console,Console H Table,
Tables,v_res_m_stool,Stool?,
Tables,v_res_tre_sideboard,Sideboard Table,
Tables,v_res_tre_table2,Table 2,
Tables,v_res_tre_tvstand,Tv Table,
Tables,v_res_tre_tvstand_tall,Tv Table Tall,
Tables,v_med_p_coffeetable,Med Coffee Table,
Tables,v_med_p_desk,Med Desk,
Tables,prop_yacht_table_01,Yacht Table 1,
Tables,prop_yacht_table_02,Yacht Table 2,
Tables,prop_yacht_table_03,Yacht Table 3,
Tables,v_ret_csr_table,CSR Table,
Tables,v_res_mconsoletrad,high side table,
Tables,v_ilev_liconftable_sml,Office tabel,
Tables,v_ret_tablesml,Side table  marillaux,
Tables,apa_mp_h_yacht_coffee_table_02,koffie table Brown,
Tables,apa_mp_h_yacht_side_table_01,Side table Brown,
Tables,apa_mp_h_yacht_side_table_02,ronde Side table,
Tables,apa_mp_h_tab_sidelrg_04,ronde Side table 2,
Tables,v_club_vu_table,Coverd Table,
Tables,apa_mp_h_tab_sidelrg_07,koffieTable glas,
Tables,bkr_prop_weed_table_01b,clapTable,
Tables,ba_prop_int_trad_table,Stand Table,
Tables,apa_mp_h_str_sideboards_02,Side table glas,
Tables,apa_mp_h_yacht_coffee_table_01,koffieTable modern,
Tables,apa_mp_h_din_table_04,dinner Table glas,
Tables,xm_prop_base_staff_desk_01,desk + setup,
Tables,apa_mp_h_tab_coffee_07,triangular side table,
Tables,apa_mp_h_tab_coffee_08,white side table,
Tables,apa_mp_h_tab_sidelrg_01,glass side table,
Tables,apa_mp_h_tab_sidelrg_02,glass side table 2,
Tables,apa_mp_h_tab_sidesml_01,folding table,
Tables,ba_prop_int_edgy_table_01,table marble,
Tables,ba_prop_int_edgy_table_02,table marble high,
Tables,apa_mp_h_tab_sidelrg_01,glass side table,
Tables,xm_prop_lab_desk_01,lab table,
Bathroom,prop_ld_toilet_01,Toilet 1,
Bathroom,prop_toilet_01,Toilet 2,
Bathroom,prop_toilet_02,Toilet 3,
Bathroom,prop_sink_02,Sink 1,
Bathroom,prop_sink_04,Sink 2,
Bathroom,prop_sink_05,Sink 3,
Bathroom,prop_sink_06,Sink 4,
Bathroom,prop_soap_disp_01,Soap Dispenser,
Bathroom,prop_shower_rack_01,Shower Rack,
Bathroom,prop_handdry_01,Hand Dryer 1,
Bathroom,prop_handdry_02,Hand Dryer 2,
Bathroom,prop_towel_rail_01,Towel Rail 1,
Bathroom,prop_towel_rail_02,Towel Rail 2,
Bathroom,prop_towel_01,Towel 1,
Bathroom,v_res_mbtowel,Towel 2,
Bathroom,v_res_mbtowelfld,Towel 3,
Bathroom,v_res_mbath,Bath,
Bathroom,v_res_mbsink,Sink,
Bathroom,v_ilev_mm_faucet,tap,
Bathroom,v_res_tre_washbasket,Washing mand,
Bathroom,prop_toilet_soap_02,Tray Soap,
Bathroom,prop_bar_sink_01,Sink,
Bathroom,apa_mp_h_bathtub_01,Bath,
Bathroom,prop_toilet_brush_01,Brush,
Bathroom,prop_toilet_roll_01,Toilet rol,
Bathroom,prop_toilet_roll_02,Toilet rol 2,
Bathroom,prop_toilet_shamp_01,Shampoo,
Bathroom,prop_toilet_shamp_02,Shampoo 2,
Wall Decorations,apa_p_h_acc_artwalll_02,Painting whit marks,
Wall Decorations,v_ind_cs_toolboard,Tools,
Wall Decorations,apa_mp_stilts_bed_art,3d art,
Wall Decorations,ex_office_swag_paintings03,Paintingen Ground,
Wall Decorations,ex_mp_h_acc_artwallm_03,abstract Painting,
Wall Decorations,ex_p_h_acc_artwallm_04,abstract Painting 2,
Wall Decorations,ex_p_h_acc_artwalll_01,abstract Painting Big,
Wall Decorations,apa_p_h_acc_artwalll_03,abstract Painting 3,
Wall Decorations,ex_mp_h_acc_artwallm_02,abstract Painting 4,
Wall Decorations,ex_p_h_acc_artwallm_03,abstract Painting 5,
Wall Decorations,apa_mp_stilts_a_study_pics,Paintingen,
Wall Decorations,apa_mp_h_acc_artwallm_02,abstract Painting 6,
Wall Decorations,apa_mp_h_acc_artwalll_02,abstract Painting 7,
Wall Decorations,apa_mp_h_acc_artwallm_04,abstract Painting 8,
Wall Decorations,prop_dart_bd_cab_01,Dartboard,
Wall Decorations,prop_dart_bd_01,Dartboard 2,
Wall Decorations,hei_heist_acc_artwalll_01,wall deco 1,
Wall Decorations,hei_heist_acc_artgolddisc_01,wall deco 2,
Wall Decorations,hei_heist_acc_artgolddisc_02,wall deco 3,
Wall Decorations,hei_heist_acc_artgolddisc_03,wall deco 4,
Wall Decorations,hei_heist_acc_artgolddisc_04,wall deco 5,
Wall Decorations,v_ilev_ra_doorsafe,Luxury deco,
Kitchen,prop_washer_01,Washer 1,
Kitchen,prop_washer_02,Washer 2,
Kitchen,prop_washer_03,Washer 3,
Kitchen,prop_washing_basket_01,Washing Basket,
Kitchen,v_res_fridgemoda,Fridge 1,
Kitchen,v_res_fridgemodsml,Fridge 2,
Kitchen,prop_fridge_01,Fridge 3,
Kitchen,prop_fridge_03,Fridge 4,
Kitchen,prop_cooker_03,Cooker,
Kitchen,prop_micro_01,Microwave 1,
Kitchen,prop_micro_02,Microwave 2,
Kitchen,prop_wok,Wok,
Kitchen,v_res_cakedome,Cake Plate,
Kitchen,v_res_fa_chopbrd,Chopping Board,
Kitchen,v_res_mutensils,Utensils,
Kitchen,v_res_pestle,Pestle,
Kitchen,v_ret_ta_paproll,PaperRoll 1,
Kitchen,v_ret_ta_paproll2,PaperRoll 2,
Kitchen,v_ret_fh_pot01,Pot 1,
Kitchen,v_ret_fh_pot02,Pot 2,
Kitchen,v_ret_fh_pot05,Pot 3,
Kitchen,prop_pot_03,Pot 4,
Kitchen,prop_pot_04,Pot 5,
Kitchen,prop_pot_05,Pot 6,
Kitchen,prop_pot_06,Pot 7,
Kitchen,prop_pot_rack,Pot Rack,
Kitchen,prop_kitch_juicer,Juicer,
Kitchen,v_res_ovenhobmod,Stove,
Kitchen,v_res_mkniferack,Knive,
Kitchen,v_res_mchopboard,Cutting plank,
Kitchen,prop_cs_kitchen_cab_l,Kitchen Cupboard Wide,
Kitchen,prop_cs_kitchen_cab_r,Kitchen cupboard smal,
Kitchen,prop_cs_kitchen_cab_r,Kitchen cupboard smal,
Kitchen,v_res_tre_fridge,refrigerator,
Kitchen,apa_mp_h_acc_coffeemachine_01,coffee machine,
Kitchen,p_new_j_counter_02,Counter,
Kitchen,prop_bar_pump_09,Pump 1,
Kitchen,prop_bar_pump_01,Pump 2,
Kitchen,prop_chip_fryer,Chips fryer,
Kitchen,prop_cleaver,Knife,
Kitchen,prop_coffee_mac_02,coffee machine,
Kitchen,prop_coffee_mac_01,coffee machine 2,
Kitchen,prop_cs_fork,Fork,
Kitchen,prop_cs_sink_filler,Sink filler,
Kitchen,prop_toaster_01,Toaster,
Kitchen,prop_cs_plate_01,Plate,
Kitchen,prop_foodprocess_01,Food Process,
Kitchen,prop_food_sugarjar,Sugar Bowl,
Kitchen,prop_juice_dispenser,Dispencer,
Kitchen,prop_knife_stand,Knife holder,
Kitchen,prop_knife,Knife 2,
Kitchen,prop_micro_04,Microwave 4,
Kitchen,v_ret_fh_plate3,Plate 5,
Kitchen,v_ilev_tt_plate01,Plate 6,
Kitchen,v_res_fa_grater,Grater,
Kitchen,v_res_tt_pizzaplate,Pizza Plate,
Kitchen,v_ret_247_ketchup2,Ketchup,
Plants,prop_fib_plant_01,Plant Fib,
Plants,v_corp_bombplant,Plant Bomb,
Plants,v_res_mflowers,Plant Flowers,
Plants,v_res_mvasechinese,Plant Chinese,
Plants,v_res_m_bananaplant,Plant Banana,
Plants,v_res_m_palmplant1,Plant Palm,
Plants,v_res_m_palmstairs,Plant Palm 2,
Plants,v_res_m_urn,Plant Urn,
Plants,v_res_rubberplant,Plant Rubber,
Plants,v_res_tre_plant,Plant,
Plants,v_res_tre_tree,Plant Tree,
Plants,v_med_p_planter,Planter,
Plants,v_ret_flowers,Flowers,
Plants,v_ret_j_flowerdisp,Flowers 1,
Plants,v_ret_j_flowerdisp_white,Flowers 2,
Plants,v_res_m_vasefresh,FlowerFase,
Plants,v_res_rosevasedead,Pink Fase 2,
Plants,v_res_exoticvase,FlowerFase 2,
Plants,v_res_rosevase,Pink Fase,
Plants,prop_pot_plant_6a,Hanging ende plant,
Plants,prop_pot_plant_02a,Flower pot,
Plants,apa_mp_h_acc_plant_palm_01,palm plant,
Plants,prop_plant_interior_05a,flower box,
Plants,prop_plant_int_01a,plant,
Plants,prop_plant_int_01b,plant 2,
Plants,prop_plant_int_02a,plant 3,
Plants,prop_plant_int_02b,plant 4,
Plants,prop_plant_int_03a,plant 5,
Plants,prop_plant_int_03b,plant 6,
Plants,prop_plant_int_03c,plant 7,
Plants,prop_plant_int_04a,plant 8,
Plants,prop_plant_int_04c,plant 9,
Plants,prop_plant_int_05b,flower box 2,
Plants,prop_pot_plant_01a,plant pot 2,
Plants,prop_pot_plant_01b,plant pot 3,
Plants,prop_pot_plant_01c,plant pot 4,
Plants,prop_pot_plant_01d,plant pot 5,
Plants,prop_pot_plant_01e,plant pot 6,
Plants,prop_pot_plant_03b,plant pot 7,
Plants,prop_pot_plant_05a,plant pot 8,
Plants,prop_pot_plant_05b,plant pot 9,
Plants,p_int_jewel_plant_01,plant pot 10,
Plants,p_int_jewel_plant_02,plant pot 11,
Plants,apa_mp_h_acc_vase_flowers_01,plant pot 12,
Plants,apa_mp_h_acc_vase_flowers_02,plant pot 13,
Plants,apa_mp_h_acc_vase_flowers_03,plant pot 14,
Plants,apa_mp_h_acc_vase_flowers_04,plant pot 15,
Detailing,v_res_r_figcat,Fig Cat,
Detailing,v_res_r_figclown,Fig Clown,
Detailing,v_res_r_figauth2,Fig Auth,
Detailing,v_res_r_figfemale,Fig Female,
Detailing,v_res_r_figflamenco,Fig Flamenco,
Detailing,v_res_r_figgirl,Fig Girl,
Detailing,v_res_r_figgirlclown,Fig Girl Clown,
Detailing,v_res_r_figoblisk,Fig Oblisk,
Detailing,v_res_r_figpillar,Fig Pillar,
Detailing,v_res_r_teapot,Teapot,
Detailing,v_res_sculpt_dec,Sculpture 1,
Detailing,v_res_sculpt_decd,Sculpture 2,
Detailing,v_res_sculpt_dece,Sculpture 3,
Detailing,v_res_sculpt_decf,Sculpture 4,
Detailing,v_res_skateboard,Skateboard,
Detailing,v_res_sketchpad,Sketchpad,
Detailing,v_res_tissues,Tissues,
Detailing,v_res_tre_basketmess,Basket,
Detailing,v_res_tre_bin,Bin,
Detailing,v_res_tre_cushiona,Cushion 1,
Detailing,v_res_tre_cushionb,Cushion 2,
Detailing,v_res_tre_cushionc,Cushion 3,
Detailing,v_res_tre_cushiond,Cushion 4,
Detailing,v_res_tre_cushnscuzb,Cushion 5,
Detailing,v_res_tre_cushnscuzd,Cushion 6,
Detailing,v_res_tre_fruitbowl,Fruitbowl,
Detailing,v_med_p_sideboard,Sideboard,
Detailing,prop_idol_01,Idol 1,
Detailing,v_res_r_fighorsestnd,Figurine black horse,
Detailing,v_res_r_fighorse,Figurine big horse,
Detailing,v_res_r_figdancer,Figurine dancer,
Detailing,v_res_fa_idol02,olifanten Figurine,
Detailing,v_res_m_statue,Sculpture,
Detailing,v_20_ornaeagle,Figurine adelaar,
Detailing,v_med_p_vaseround,Fase round,
Detailing,ex_mp_h_acc_vase_05,Fase Violet,
Detailing,apa_mp_h_acc_dec_head_01,Art work,
Detailing,apa_mp_h_acc_dec_sculpt_02,Art work 2,
Detailing,ex_mp_h_acc_dec_plate_02,Art work 3,
Detailing,apa_mp_h_acc_bowl_ceramic_01,schaal,
Detailing,apa_mp_h_acc_dec_plate_01,Scale 2,
Detailing,apa_mp_h_acc_vase_01,vase black and white,
Detailing,apa_mp_h_acc_vase_02,vase red,
Detailing,apa_mp_h_acc_vase_05,vase,
Detailing,apa_mp_h_acc_vase_06,vase black and white 2,
Doors,v_ilev_fa_frontdoor,White Door,
Doors,v_ilev_247_offdorr,24/7 Wooden Door,
Doors,v_ilev_arm_secdoor,Security Door,
Doors,v_ilev_bank4door01,Bank Glass Door,
Doors,v_ilev_bk_gate,Fancy Metal Gate,
Doors,v_ilev_cbankcountdoor01,Bank Office Door,
Doors,v_ilev_cd_door,Wooden Door with Glass,
Doors,v_ilev_cm_door1,Light Blue Door,
Doors,v_ilev_dev_door,Black House Door,
Doors,v_ilev_door_orangesolid,Orange Solid Door,
Doors,v_ilev_fa_backdoor,Dirty Glass Door,
Doors,v_ilev_gangsafedoor,Gang Safe Door,
Doors,v_ilev_gc_door02,Office Door,
Doors,v_ilev_janitor_frontdoor,White Mesh Door,
Doors,v_ilev_rc_door1,Yellow Fire Door,
Doors,v_ilev_roc_door2,Solid Red Door,
Doors,v_ilev_sol_off_door01,Solid Wooden Door,
Doors,v_ilev_stad_fdoor,Glass Door with Rails,
Doors,v_ilev_tort_door,Door with Danger Sign,
Doors,v_ilev_trevtraildr,Trailer Door,
Doors,prop_cs_fridge_door,Fridge Door,
Doors,prop_artgallery_dl,White Art Gallery Door,
Doors,prop_bh1_09_mp_l,Weazel Plaza Door,
Doors,prop_bh1_48_backdoor_l,Black Glass Door,
Doors,prop_casino_door_01r,Casino Glass Door,
Doors,prop_cs4_11_door,White Door with Small Window,
Doors,prop_cs6_03_door_r,Antique Wooden Door,
Doors,prop_grumandoor_r,Golden Snake Door,
Doors,prop_motel_door_09,Motel Door,
Doors,prop_fnclink_03gate5,Chainlink Fence,
Walls,ps_wall_aqua,Aqua Wall,
Walls,ps_wall_black,Black Wall,
Walls,ps_wall_green,Green Wall,
Walls,ps_wall_grey,Grey Wall,
Walls,ps_wall_purple,Purple Wall,
Walls,ps_wall_red,Red Wall,
Walls,ps_wall_white,White Wall,
Walls,ps_wall_yellow,Yellow Wall,
Walls,ps_wall_wall,Brick Wall,
Misc,v_corp_facebeanbag,Bean Bag 1,
Misc,v_res_cherubvase,White Vase,
Misc,v_res_d_paddedwall,Padded Wall,
Misc,v_res_d_ramskull,Item,
Misc,v_res_d_whips,Whips,
Misc,v_res_fashmag1,Mags,
Misc,v_res_fashmagopen,Mags Open,
Misc,v_res_fa_magtidy,Mag Tidy,
Misc,v_res_fa_yogamat002,Yoga Mat 1,
Misc,v_res_fa_yogamat1,Yoga Mat 2,
Misc,v_res_fh_aftershavebox,Aftershave,
Misc,v_res_fh_flowersa,Flowers,
Misc,v_res_fh_fruitbowl,Fruitbowl,
Misc,v_res_fh_laundrybasket,Laundry Basket,
Misc,v_res_fh_pouf,Pouf,
Misc,v_res_fh_sculptmod,Sculpture,
Misc,v_res_j_magrack,Mag Rack,
Misc,v_res_jewelbox,Jewel Box,
Misc,v_res_mbbin,Bin,
Misc,v_res_mbowlornate,Ornate Bowl,
Misc,v_res_mbronzvase,Bronze Vase,
Misc,v_res_mchalkbrd,Chalk Board,
Misc,v_res_mddresser,Dresser,
Misc,v_res_mplinth,Linth,
Misc,v_res_mp_ashtrayb,Ashtray,
Misc,v_res_m_candle,Candle,
Misc,v_res_m_candlelrg,Candle Large,
Misc,v_res_m_kscales,Scales,
Misc,v_res_tt_bedpillow,Bed Pillow,
Misc,v_med_cor_whiteboard,whiteboard,
Misc,prop_ashtray_01,asbak black,
Misc,v_ret_fh_ashtray,asbak stone,
Misc,v_24_wdr_mesh_rugs,Rag,
Misc,apa_mp_h_acc_rugwooll_04,Rug 2,
Misc,ex_mp_h_acc_rugwoolm_04,Rug 3,
Misc,apa_mp_h_acc_rugwoolm_03,Rug 4,
Misc,apa_mp_h_acc_rugwooll_03,Rug 5,
Misc,apa_mp_h_acc_rugwoolm_04,Rug 6,
Misc,v_club_rack,kledingrek,
Misc,prop_a4_pile_01,A4 Pile,
Misc,prop_amb_40oz_03,40 oz,
Misc,prop_amb_beer_bottle,Beer,
Misc,prop_aviators_01,Aviators,
Misc,prop_barry_table_detail,Detail,
Misc,prop_beer_box_01,Beers,
Misc,prop_binoc_01,Binoculars,
Misc,prop_blox_spray,Blox Spray,
Misc,prop_bongos_01,Bongos,
Misc,prop_bong_01,Bong,
Misc,prop_boombox_01,Boombox,
Misc,prop_bowl_crisps,Bowl Crisps,
Misc,prop_candy_pqs,Candy,
Misc,prop_carrier_bag_01,Carrier bag,
Misc,prop_ceramic_jug_01,Ceramic Jug,
Misc,prop_cigar_pack_01,Cigar Pack 1,
Misc,prop_cigar_pack_02,Cigar Pack 2,
Misc,prop_cs_beer_box,Beer Box 2,
Misc,prop_cs_binder_01,Binder,
Misc,prop_cs_bs_cup,Cup,
Misc,prop_cs_cashenvelope,Envelope,
Misc,prop_cs_champ_flute,Flute,
Misc,prop_cs_duffel_01,Duffel Bag,
Misc,prop_cs_dvd,DVD,
Misc,prop_cs_dvd_case,DVD Case,
Misc,prop_cs_film_reel_01,Film Reel,
Misc,prop_cs_ilev_blind_01,Blind,
Misc,p_ld_bs_bag_01,Bag,
Misc,prop_cs_ironing_board,Ironing Board,
Misc,prop_cs_katana_01,Katana,
Misc,prop_cs_kettle_01,Kettle,
Misc,prop_cs_lester_crate,Crate,
Misc,prop_cs_petrol_can,Petrol Can,
Misc,prop_cs_sack_01,Sack,
Misc,prop_cs_script_bottle_01,Script Bottle,
Misc,prop_cs_script_bottle,Script Bottle 2,
Misc,prop_cs_street_binbag_01,Bin Bag,
Misc,prop_cs_whiskey_bottle,Whiskey Bottle,
Misc,prop_sh_bong_01,Bong,
Misc,prop_peanut_bowl_01,Peanuts,
Misc,prop_tumbler_01,Tumbler,
Misc,prop_weed_bottle,Weed koker,
Misc,p_cs_lighter_01,Lighter,
Misc,p_cs_papers_01,Rolling papers,
Misc,v_res_d_dildo_f,dildo Black,
Misc,v_res_d_dildo_c,dildo white,
Misc,v_res_d_dildo_a,Mommy's toy,
Misc,prop_champ_cool,Champagne cooler,
Misc,prop_champ_01b,champagnebottle,
Misc,prop_champ_flute,champagneglas,
Misc,ba_prop_club_champset,champagneset,
Misc,v_res_fa_candle01,candle blue,
Misc,v_res_fa_candle02,candle red,
Misc,v_res_fa_candle03,candle black,
Misc,v_res_fa_candle04,candle small,
Misc,v_med_bottles2,Chemicals,
Misc,v_res_desktidy,Office stuf,
Misc,v_med_p_notebook,Note's,
Misc,bkr_prop_weed_dry_01a,mountain of weed,
Misc,ba_prop_battle_trophy_battler,fist trofee,
Misc,ba_prop_battle_trophy_no1,ster trofee,
Misc,prop_golf_bag_01c,Golf bag,
Misc,hei_heist_kit_bin_01,Garbage can,
Misc,prop_wooden_barrel,wooden vat,
Misc,bkr_prop_bkr_cash_scatter_01,scatter,
Misc,bkr_prop_bkr_cashpile_01,Cash,
Misc,bkr_prop_bkr_cash_roll_01,Cash roll,
Misc,bkr_prop_bkr_cashpile_04,pile of cash,
Misc,bkr_prop_weed_bigbag_open_01a,Weed open bag,
Misc,bkr_prop_weed_bigbag_02a,Weed bag 2,
Misc,bkr_prop_weed_bigbag_03a,Weed bag 3,
Misc,bkr_prop_weed_scales_01a,scales,
Misc,bkr_prop_weed_smallbag_01a,small bag,
Misc,prop_gold_bar,Gold Bar,
Misc,beerrow_world,beer bottles,
Misc,beerrow_local,beer bottles 2,
Misc,p_cs_bbbat_01,Bat,
Misc,p_cs_cuffs_02_s,handcuffs,
Misc,p_cs_joint_02,Joint,
Misc,p_ing_coffeecup_01,Coffee mug,
Misc,p_tumbler_cs2_s,Tumbler,
Misc,prop_turkey_leg_01,chicken leg,
Misc,prop_amb_donut,Donut,
Misc,prop_donut_02,Donut 2,
Misc,prop_bar_shots,Bar shots,
Misc,prop_bar_stirrers,Bar stirrers,
Misc,prop_beer_amopen,Beer open,
Misc,prop_beer_blr,Beer 1,
Misc,prop_beer_logger,Beer 2,
Misc,prop_beer_stzopen,Beer 3,
Misc,prop_bikerset,Biker Set,
Misc,prop_bottle_brandy,Bottle brandy,
Misc,prop_tequila_bottle,Tequila bottle,
Misc,prop_tequila,Tequila,
Misc,prop_bottle_cognac,Bottle of Cognac,
Misc,prop_bottle_macbeth,Bottle of Macbeth,
Misc,prop_brandy_glass,Brandy Glass,
Misc,prop_mug_01,Mug 1,
Misc,prop_mug_02,Mug 2,
Misc,prop_mug_03,Mug 3,
Misc,prop_optic_vodka,Vodka,
Misc,prop_optic_jd,JD,
Misc,prop_pint_glass_01,Pint Glass,
Misc,prop_pizza_box_03,Pizza box,
Misc,prop_sandwich_01,Sandwich,
Misc,prop_cava,Cava,
Misc,prop_drink_redwine,Red wine,
Misc,vodkarow,Vodka Row,
Misc,prop_cherenkov_02,Cherenkov,
Misc,prop_cherenkov_03,Cherenkov 2,
Misc,prop_cocktail_glass,Cocktail glass,
Misc,prop_cs_bottle_opener,Fles opener,
Misc,prop_food_bs_chips,Chips,
Misc,prop_cs_burger_01,Burger,
Misc,prop_cs_hand_radio,Hand radio,
Misc,prop_cs_hotdog_01,Hotdog,
Misc,prop_cs_milk_01,Milk,
Misc,prop_cs_panties,Panties,
Misc,prop_cs_steak,Meat,
Misc,v_ret_csr_bin,CSR Bin,
Misc,v_ret_fh_wickbskt,Basket,
Misc,v_ret_gc_bag01,GC Bag 1,
Misc,v_ret_gc_bag02,GC Bag 2,
Misc,v_ret_gc_bin,GC Bin,
Misc,v_ret_gc_cashreg,Cash Register,
Misc,v_ret_gc_chair01,GC Chair 01,
Misc,v_ret_gc_chair02,GC Chair 02,
Misc,v_ret_gc_clock,Clock,
Misc,v_ret_hd_prod1_,Prod 1,
Misc,v_ret_hd_prod2_,Prod 2,
Misc,v_ret_hd_prod3_,Prod 3,
Misc,v_ret_hd_prod4_,Prod 4,
Misc,v_ret_hd_prod5_,Prod 5,
Misc,v_ret_hd_prod6_,Prod 6,
Misc,v_ret_hd_unit1_,HD Unit 1,
Misc,v_ret_hd_unit2_,HD Unit 2,
Misc,v_ret_ml_fridge02,Fridge,
Misc,v_ret_ps_bag_01,Bag 1,
Misc,v_ret_ps_bag_02,Bag 2,
Misc,v_ret_ta_book1,Book 1,
Misc,v_ret_ta_book2,Book 2,
Misc,v_ret_ta_book3,Book 3,
Misc,v_ret_ta_book4,Book 4,
Misc,v_ret_ta_camera,Cam,
Misc,v_ret_ta_firstaid,First Aid,
Misc,v_ret_ta_hero,Hero,
Misc,v_ret_ta_mag1,Mag 1,
Misc,v_ret_ta_mag2,Mag 2,
Misc,v_ret_ta_skull,Skull,
Misc,prop_acc_guitar_01,Guitar,
Misc,prop_amb_handbag_01,Handbag,
Misc,prop_attache_case_01,Case,
Misc,prop_big_bag_01,Big Bag,
Misc,prop_bonesaw,Bonesaw,
Misc,prop_cs_fertilizer,Fertilizer,
Misc,prop_cs_shopping_bag,Shopping Bag,
Misc,prop_cs_vial_01,Vial,
Misc,prop_defilied_ragdoll_01,Ragdoll,
Misc,v_res_fa_book03,boek kamasutra,
Misc,prop_weight_rack_02,dumbbellrek,
Misc,prop_weight_bench_02,Couchdrukset,
Misc,prop_tool_broom,Broom,
Misc,prop_fire_exting_2a,Fire extinguisher,
Misc,v_res_vacuum,vacuum cleaner,
Misc,v_ret_gc_fan,Fan,
Misc,prop_paint_stepl01b,ladder,
Misc,bkr_prop_weed_bucket_01b,Fertilizer,
Misc,v_club_vusnaketank,terrarium,
Misc,prop_pooltable_02,poolTable,
Misc,prop_pool_rack_02,poolcues,
Misc,v_club_vu_deckcase,dj set,
Misc,v_corp_servercln,serverrack,
Misc,prop_dummy_01,Dummy,
Misc,prop_egg_clock_01,Egg Clock,
Misc,prop_el_guitar_01,E Guitar 1,
Misc,prop_el_guitar_02,E Guitar 2,
Misc,prop_el_guitar_03,E Guitar 2,
Misc,prop_feed_sack_01,Feed Sack,
Misc,prop_floor_duster_01,Floor Duster,
Misc,prop_fruit_basket,Fruit Basket,
Misc,prop_f_duster_02,Duster,
Misc,prop_grapes_02,Grapes,
Misc,prop_hotel_clock_01,Hotel Clock,
Misc,prop_idol_case_01,Idol Case,
Misc,prop_jewel_02a,Jewels,
Misc,prop_jewel_02b,Jewels,
Misc,prop_jewel_02c,Jewels,
Misc,prop_jewel_03a,Jewels,
Misc,prop_jewel_03b,Jewels,
Misc,prop_jewel_04a,Jewels,
Misc,prop_jewel_04b,Jewels,
Misc,prop_j_disptray_01,Display Tray,
Misc,prop_j_disptray_01b,Display Tray,
Misc,prop_j_disptray_02,Display Tray,
Misc,prop_j_disptray_03,Display Tray,
Misc,prop_j_disptray_04,Display Tray,
Misc,prop_j_disptray_04b,Display Tray,
Misc,prop_j_disptray_05,Display Tray,
Misc,prop_j_disptray_05b,Display Tray,
Misc,prop_ld_greenscreen_01,Green Screen,
Misc,prop_ld_handbag,Handbag,
Misc,prop_ld_jerrycan_01,Jerry Can,
Misc,prop_ld_keypad_01,Keypad 1,
Misc,prop_ld_keypad_01b,Keypad 2,
Misc,prop_ld_suitcase_01,Suitcase 1,
Misc,prop_ld_suitcase_02,Suitcase 2,
Misc,hei_p_attache_case_shut,Suitcase 3,
Misc,prop_mr_rasberryclean,Rasberry Clean,
Misc,prop_paper_bag_01,Paper Bag,
Misc,prop_shopping_bags01,Shopping Bags,
Misc,prop_shopping_bags02,Shopping Bags 2,
Misc,prop_yoga_mat_01,Yoga Mat 1,
Misc,prop_yoga_mat_02,Yoga Mat 2,
Misc,prop_yoga_mat_03,Yoga Mat 3,
Misc,p_ld_sax,Sax,
Misc,p_ld_soc_ball_01,SOCCER Ball,
Misc,p_watch_01,Watch 1,
Misc,p_watch_02,Watch 2,
Misc,p_watch_03,Watch 3,
Misc,p_watch_04,Watch 4,
Misc,p_watch_05,Watch 5,
Misc,p_watch_06,Watch 6,
Misc,apa_mp_h_acc_candles_01,candle,
Misc,apa_mp_h_acc_candles_02,candle 2,
Misc,apa_mp_h_acc_candles_04,candle 3,
Misc,apa_mp_h_acc_candles_06,candle 4,
Misc,apa_mp_h_acc_fruitbowl_02,fruit bowl,
Misc,apa_mp_h_acc_tray_01,thingies,
Misc,prop_bskball_01,Basketball,
Misc,prop_cs_wrench,Wrench,
Misc,prop_cs_bowie_knife,Bowie Knife,
Misc,prop_w_me_hatchet,Hatchet,